,Country Name,Country Code,Indicator Name,Indicator Code,1960,1961,1962,1963,1964,1965,1966,1967,1968,1969,1970,1971,1972,1973,1974,1975,1976,1977,1978,1979,1980,1981,1982,1983,1984,1985,1986,1987,1988,1989,1990,1991,1992,1993,1994,1995,1996,1997,1998,1999,2000,2001,2002,2003,2004,2005,2006,2007,2008,2009,2010,2011,2012,2013,2014,2015,2016,2017
0,Aruba,ABW,"Literacy rate, adult female (% of females ages 15 and above)",SE.ADT.LITR.FE.ZS,,,,,,,,,,,,,,,,,,,,,,,,,,,,,,,,,,,,,,,,,97.07135773,,,,,,,,,,96.71977997,,,,,,,
1,Afghanistan,AFG,"Literacy rate, adult female (% of females ages 15 and above)",SE.ADT.LITR.FE.ZS,,,,,,,,,,,,,,,,,,,,4.987460136,,,,,,,,,,,,,,,,,,,,,,,,,,,,,,,,17.61206055,,,,,,
2,Angola,AGO,"Literacy rate, adult female (% of females ages 15 and above)",SE.ADT.LITR.FE.ZS,,,,,,,,,,,,,,,,,,,,,,,,,,,,,,,,,,,,,,,,,,54.19448853,,,,,,,,,,,,,53.4072113,,,
3,Albania,ALB,"Literacy rate, adult female (% of females ages 15 and above)",SE.ADT.LITR.FE.ZS,,,,,,,,,,,,,,,,,,,,,,,,,,,,,,,,,,,,,,,,,,98.25227356,,,,,,,94.68180847,,,95.69148254,96.13607025,,,,,
4,Andorra,AND,"Literacy rate, adult female (% of females ages 15 and above)",SE.ADT.LITR.FE.ZS,,,,,,,,,,,,,,,,,,,,,,,,,,,,,,,,,,,,,,,,,,,,,,,,,,,,,,,,100.0,100.0,
5,Arab World,ARB,"Literacy rate, adult female (% of females ages 15 and above)",SE.ADT.LITR.FE.ZS,,,,,,,,,,,,,,,,,,,31.01895,31.57827,32.19625,32.85947,33.67137,34.134570000000004,35.12616,36.00738,37.03605,37.81384,38.87402,39.903220000000005,40.99125,42.164320000000004,43.30986,43.58525,44.71131,45.78087,47.67156,48.52052,49.938,51.27002,52.76005,53.85793,55.267759999999996,57.63776,58.954159999999995,52.39496,58.70964,59.13446,60.5038,58.9337,60.228069999999995,62.32558,63.69985,64.176,64.81879,65.35713,65.95265,
6,United Arab Emirates,ARE,"Literacy rate, adult female (% of females ages 15 and above)",SE.ADT.LITR.FE.ZS,,,,,,,,,,,,,,,,38.1248703,,,,,,,,,,68.66127777,,,,,,,,,,,,,,,,,,,,91.47474670000001,,,,,,,,,,,,
7,Argentina,ARG,"Literacy rate, adult female (% of females ages 15 and above)",SE.ADT.LITR.FE.ZS,,,,,,,,,,,,,,,,,,,,,93.58088684,,,,,,,,,,,96.04135895,,,,,,,,,,97.19341278,,,,,,,,,,,,,,98.12999725,,
8,Armenia,ARM,"Literacy rate, adult female (% of females ages 15 and above)",SE.ADT.LITR.FE.ZS,,,,,,,,,,,,,,,,,,,,,,,,,,,,,,98.15013885,,,,,,,,,,,,99.16107178,,,,,,,,,,99.69035339,,,,,,
9,American Samoa,ASM,"Literacy rate, adult female (% of females ages 15 and above)",SE.ADT.LITR.FE.ZS,,,,,,,,,,,,,,,,,,,,,,,,,,,,,,,,,,,,,,,,,,,,,,,,,,,,,,,,,,
10,Antigua and Barbuda,ATG,"Literacy rate, adult female (% of females ages 15 and above)",SE.ADT.LITR.FE.ZS,,,,,,,,,,,,,,,,,,,,,,,,,,,,,,,,,,,,,,,,,,99.41999817,,,,,,,,,,,,,,,,
11,Australia,AUS,"Literacy rate, adult female (% of females ages 15 and above)",SE.ADT.LITR.FE.ZS,,,,,,,,,,,,,,,,,,,,,,,,,,,,,,,,,,,,,,,,,,,,,,,,,,,,,,,,,,
12,Austria,AUT,"Literacy rate, adult female (% of females ages 15 and above)",SE.ADT.LITR.FE.ZS,,,,,,,,,,,,,,,,,,,,,,,,,,,,,,,,,,,,,,,,,,,,,,,,,,,,,,,,,,
13,Azerbaijan,AZE,"Literacy rate, adult female (% of females ages 15 and above)",SE.ADT.LITR.FE.ZS,,,,,,,,,,,,,,,,,,,,,,,,,,,,,,,,,,,,,,,,98.17478179999999,,,,,,,,99.39788055,,99.68215179,99.69262695,99.70496368,99.70285797,99.71681976,99.7196579,99.7171402,99.71955109,
14,Burundi,BDI,"Literacy rate, adult female (% of females ages 15 and above)",SE.ADT.LITR.FE.ZS,,,,,,,,,,,,,,,,,,,,11.9835701,,,,,,,,,,,27.52930069,,,,,,,,,,52.23775864,,,,,,,,43.15718842,,,,,,54.66302872,,,
15,Belgium,BEL,"Literacy rate, adult female (% of females ages 15 and above)",SE.ADT.LITR.FE.ZS,,,,,,,,,,,,,,,,,,,,,,,,,,,,,,,,,,,,,,,,,,,,,,,,,,,,,,,,,,
16,Benin,BEN,"Literacy rate, adult female (% of females ages 15 and above)",SE.ADT.LITR.FE.ZS,,,,,,,,,,,,,,,,,,,,9.539079666000001,,,,,,,,,,,,,16.56524086,,,,,,,,,,23.30014038,,,,18.44290924,,,,,,22.0938797,,,,,
17,Burkina Faso,BFA,"Literacy rate, adult female (% of females ages 15 and above)",SE.ADT.LITR.FE.ZS,,,,,,,,,,,,,,,,3.182770014,,,,,,,,,,,,,,,,8.225429535,,,,,8.057979584,,,,,,,15.18877029,,16.62224007,16.29113007,21.57957077,,,,,,,26.22024918,,,
18,Bangladesh,BGD,"Literacy rate, adult female (% of females ages 15 and above)",SE.ADT.LITR.FE.ZS,,,,,,,,,,,,,,,,,,,,,,17.971630100000002,,,,,,,,,,25.83897972,,,,,,,,,,40.823349,,,,,,43.74084854,,,,46.74320984,,,,,69.89720917,
19,Bulgaria,BGR,"Literacy rate, adult female (% of females ages 15 and above)",SE.ADT.LITR.FE.ZS,,,,,,,,,,,,,,,,,,,,,,,,,,,,,,,,,,,,,,,,,,97.70648956,,,,,,,,,,97.98390198,,,,,,
20,Bahrain,BHR,"Literacy rate, adult female (% of females ages 15 and above)",SE.ADT.LITR.FE.ZS,,,,,,,,,,,,,,,,,,,,,,58.59109116,,,,,,,,,,76.93231964,,,,,,,,,,83.55741882,,,,,,,,,91.61257935,,,,,,,
21,"Bahamas, The",BHS,"Literacy rate, adult female (% of females ages 15 and above)",SE.ADT.LITR.FE.ZS,,,,,,,,,,,,,,,,,,,,,,,,,,,,,,,,,,,,,,,,,,,,,,,,,,,,,,,,,,
22,Bosnia and Herzegovina,BIH,"Literacy rate, adult female (% of females ages 15 and above)",SE.ADT.LITR.FE.ZS,,,,,,,,,,,,,,,,,,,,,,,,,,,,,,,,81.9593277,,,,,,,,,94.35993958,,,,,,,,,,,96.80371094,,94.91049194,,,,
23,Belarus,BLR,"Literacy rate, adult female (% of females ages 15 and above)",SE.ADT.LITR.FE.ZS,,,,,,,,,,,,,,,,,,,,,,,,,,,,,,96.6282196,,,,,,,,,,99.41972351,,,,,,,,,,99.49398804,,,,,,,,
24,Belize,BLZ,"Literacy rate, adult female (% of females ages 15 and above)",SE.ADT.LITR.FE.ZS,,,,,,,,,,,,,,,,,,,,,,,,,,,,,,,,70.32839203,,,,,,,,,,,,,,,,,,,,,,,,,,
25,Bermuda,BMU,"Literacy rate, adult female (% of females ages 15 and above)",SE.ADT.LITR.FE.ZS,,,,,,,,,,,,,,,,,,,,,,,,,,,,,,,,,,,,,,,,,,,,,,,,,,,,,,,,,,
26,Bolivia,BOL,"Literacy rate, adult female (% of females ages 15 and above)",SE.ADT.LITR.FE.ZS,,,,,,,,,,,,,,,,,51.37464905,,,,,,,,,,,,,,,,72.31321716,,,,,,,,,80.6543808,,,,,,85.98593903,86.83174896,86.82145691,,88.0802002,91.87326813,,,88.58286285,,
27,Brazil,BRA,"Literacy rate, adult female (% of females ages 15 and above)",SE.ADT.LITR.FE.ZS,,,,,,,,,,,,,,,,,,,,,72.85314941,,,,,,,,,,,,,,,,,,,,86.50005341,,,,88.80612946,,89.85559082,90.22801208,90.21955109,90.41121674,90.68170166,91.63314819,91.62490082,91.76496124,92.06051636,,,
28,Barbados,BRB,"Literacy rate, adult female (% of females ages 15 and above)",SE.ADT.LITR.FE.ZS,,,,,,,,,,,99.2515564,,,,,,,,,,,,,,,,,,,,,,,,,,,,,,,,,,,,,,,,,,,,,,,
29,Brunei Darussalam,BRN,"Literacy rate, adult female (% of females ages 15 and above)",SE.ADT.LITR.FE.ZS,,,,,,,,,,,,,,,,,,,,,,68.84182739,,,,,,,,,,82.46135712,,,,,,,,,,90.16155243,,,,,,,,,,94.65248108,,,,,,
30,Bhutan,BTN,"Literacy rate, adult female (% of females ages 15 and above)",SE.ADT.LITR.FE.ZS,,,,,,,,,,,,,,,,,,,,,,,,,,,,,,,,,,,,,,,,,,,,,,38.68066025,,,,,,,48.0165596,,,,,
31,Botswana,BWA,"Literacy rate, adult female (% of females ages 15 and above)",SE.ADT.LITR.FE.ZS,,,,,,,,,,,,,,,,,,,,,,,,,,,,,,,,71.29924011,,,,,,,,,,,,81.80795288,,,,,,,,,,,,,,
32,Central African Republic,CAF,"Literacy rate, adult female (% of females ages 15 and above)",SE.ADT.LITR.FE.ZS,,,,,,,,,,,,,,,,8.399580002,,,,,,,,,,,,,20.33687973,,,,,,,,,,,,35.29090118,,,,,,,,,,24.35548973,,,,,,,
33,Canada,CAN,"Literacy rate, adult female (% of females ages 15 and above)",SE.ADT.LITR.FE.ZS,,,,,,,,,,,,,,,,,,,,,,,,,,,,,,,,,,,,,,,,,,,,,,,,,,,,,,,,,,
34,Central Europe and the Baltics,CEB,"Literacy rate, adult female (% of females ages 15 and above)",SE.ADT.LITR.FE.ZS,,,,,,,,,,,,,,,,,,,,,,97.04938,97.07842,97.10569,97.15069,97.18892,97.22309,97.27181,97.39296999999999,97.49143000000001,97.59431,97.67245,97.75027,97.81553000000001,,,,,,,,,,,,,,,,,,,,,,,,
35,Switzerland,CHE,"Literacy rate, adult female (% of females ages 15 and above)",SE.ADT.LITR.FE.ZS,,,,,,,,,,,,,,,,,,,,,,,,,,,,,,,,,,,,,,,,,,,,,,,,,,,,,,,,,,
36,Channel Islands,CHI,"Literacy rate, adult female (% of females ages 15 and above)",SE.ADT.LITR.FE.ZS,,,,,,,,,,,,,,,,,,,,,,,,,,,,,,,,,,,,,,,,,,,,,,,,,,,,,,,,,,
37,Chile,CHL,"Literacy rate, adult female (% of females ages 15 and above)",SE.ADT.LITR.FE.ZS,,,,,,,,,,,,,,,,,,,,,,,90.80011749,,,,,,,,,,94.03671265,,,,,,,,,,95.64093018,,,,,,98.6955719,98.4912796,,96.53070831,,96.16175079,,,,
38,China,CHN,"Literacy rate, adult female (% of females ages 15 and above)",SE.ADT.LITR.FE.ZS,,,,,,,,,,,,,,,,,,,,,,,51.13681029999999,,,,,,,,68.07208252,,,,,,,,,,86.5266037,,,,,,,,,,92.71122742,,,,,,,
39,Cote d'Ivoire,CIV,"Literacy rate, adult female (% of females ages 15 and above)",SE.ADT.LITR.FE.ZS,,,,,,,,,,,,,,,,,,,,,,,,,,,,,23.43378067,,,,,,,,,,28.47666931,,38.61450958,,,,,,,,,,,,30.46171951,,36.78424835,,,
40,Cameroon,CMR,"Literacy rate, adult female (% of females ages 15 and above)",SE.ADT.LITR.FE.ZS,,,,,,,,,,,,,,,,,29.11613083,,,,,,,,,,,,,,,,,,,,,,,,58.7217598,,,,,,,63.02206039,,,64.79949951,,,,,,,
41,"Congo, Dem. Rep.",COD,"Literacy rate, adult female (% of females ages 15 and above)",SE.ADT.LITR.FE.ZS,,,,,,,,,,,,,,,,,,,,,,,,,,,,,,,,,,,,,,,,,,54.06090164,,,,,,46.10425186,,,,,62.91864014,,,,66.49997711,
42,"Congo, Rep.",COG,"Literacy rate, adult female (% of females ages 15 and above)",SE.ADT.LITR.FE.ZS,,,,,,,,,,,,,,,,,,,,,,,,,,,,,,,,,,,,,,,,,,,,,,,,,,,,72.87705994,,,,,,
43,Colombia,COL,"Literacy rate, adult female (% of females ages 15 and above)",SE.ADT.LITR.FE.ZS,,,,,,,,,,,,,,,,,,,,,,,,,,,,,,,,,,91.14790344,,,91.31400299,,,,,,,,92.71463013,92.91124725,92.22059631,92.8456192,93.43537140000001,93.41513062,93.48679352,93.66712952,,,94.48465729,94.41581726,,
44,Comoros,COM,"Literacy rate, adult female (% of females ages 15 and above)",SE.ADT.LITR.FE.ZS,,,,,,,,,,,,,,,,,,,,,40.31761932,,,,,,,,,,,,,,,,,,,,63.45901871,,,,,,,,,,,,42.63729095,,,,,
45,Cabo Verde,CPV,"Literacy rate, adult female (% of females ages 15 and above)",SE.ADT.LITR.FE.ZS,,,,,,,,,,,,,,,,,,,,,,,,,,,,,,,52.99861908,,,,,,,,,,,,,,,,,,,,,,80.49622345,,,82.04222107,,
46,Costa Rica,CRI,"Literacy rate, adult female (% of females ages 15 and above)",SE.ADT.LITR.FE.ZS,,,,,,,,,,,,,,,,,,,,,,,,,92.57713318,,,,,,,,,,,,,,,,95.08078766,,,,,,,,,,,97.50041199,,,,,,
47,Caribbean small states,CSS,"Literacy rate, adult female (% of females ages 15 and above)",SE.ADT.LITR.FE.ZS,,,,,,,,,,,,,,,,,,,,,,,,,,,,,,,,,,88.94199,88.99513,89.26807,89.50966,89.75164000000001,89.99358000000001,89.8081,90.49835999999999,90.73527,90.94824,91.15308,91.36983000000001,91.55682,91.73966,92.32842,92.52599000000001,92.69078,,,,,,,,
48,Cuba,CUB,"Literacy rate, adult female (% of females ages 15 and above)",SE.ADT.LITR.FE.ZS,,,,,,,,,,,,,,,,,,,,,,,,,,,,,,,,,,,,,,,,,,,99.79091644,,,,,,,,,,99.79988098,,,,,
49,Curacao,CUW,"Literacy rate, adult female (% of females ages 15 and above)",SE.ADT.LITR.FE.ZS,,,,,,,,,,,,,,,,,,,,,,,,,,,,,,,,,,,,,,,,,,,,,,,,,,,,,,,,,,
50,Cayman Islands,CYM,"Literacy rate, adult female (% of females ages 15 and above)",SE.ADT.LITR.FE.ZS,,,,,,,,,,,,,,,,,,,,,,,,,,,,,,,,,,,,,,,,,,,,,,,,99.02147675,,,,,,,,,,
51,Cyprus,CYP,"Literacy rate, adult female (% of females ages 15 and above)",SE.ADT.LITR.FE.ZS,,,,,,,,,,,,,,,,,,,,,,,,,,,,,,,,,91.00177765,,,,,,,,,95.07965851,,,,,,,,,,98.1162262,,,,,,
52,Czech Republic,CZE,"Literacy rate, adult female (% of females ages 15 and above)",SE.ADT.LITR.FE.ZS,,,,,,,,,,,,,,,,,,,,,,,,,,,,,,,,,,,,,,,,,,,,,,,,,,,,,,,,,,
53,Germany,DEU,"Literacy rate, adult female (% of females ages 15 and above)",SE.ADT.LITR.FE.ZS,,,,,,,,,,,,,,,,,,,,,,,,,,,,,,,,,,,,,,,,,,,,,,,,,,,,,,,,,,
54,Djibouti,DJI,"Literacy rate, adult female (% of females ages 15 and above)",SE.ADT.LITR.FE.ZS,,,,,,,,,,,,,,,,,,,,,,,,,,,,,,,,,,,,,,,,,,,,,,,,,,,,,,,,,,
55,Dominica,DMA,"Literacy rate, adult female (% of females ages 15 and above)",SE.ADT.LITR.FE.ZS,,,,,,,,,,,,,,,,,,,,,,,,,,,,,,,,,,,,,,,,,,,,,,,,,,,,,,,,,,
56,Denmark,DNK,"Literacy rate, adult female (% of females ages 15 and above)",SE.ADT.LITR.FE.ZS,,,,,,,,,,,,,,,,,,,,,,,,,,,,,,,,,,,,,,,,,,,,,,,,,,,,,,,,,,
57,Dominican Republic,DOM,"Literacy rate, adult female (% of females ages 15 and above)",SE.ADT.LITR.FE.ZS,,,,,,,,,,,,,,,,,,,,,,72.53607941,,,,,,,,,,,,,,,,,,,,,87.17709351,,,,,88.27716827,,,89.69730377,90.22557068,90.22416687,91.25051117,92.147789,92.32106018,,
58,Algeria,DZA,"Literacy rate, adult female (% of females ages 15 and above)",SE.ADT.LITR.FE.ZS,,,,,,,,,,,,,,,,,,,,,,,,,,,,35.83992004,,,,,,,,,,,,,,,60.07508087,,,,63.91878891,,67.54875183,,,,,,,,,
59,East Asia & Pacific (excluding high income),EAP,"Literacy rate, adult female (% of females ages 15 and above)",SE.ADT.LITR.FE.ZS,,,,,,,,,,,,,,,,,50.35375,50.573859999999996,52.0046,53.534240000000004,54.27177,56.42626,57.37455,59.30797,60.70821,62.047940000000004,63.25169,64.76122,70.58861999999999,71.57599,71.50912,73.19296999999999,73.9048,74.5972,75.3425,76.08064,76.81331,84.89260999999999,85.41986,85.89455,86.47574,86.93898,87.47122,88.02421,88.73942,89.23141,89.8197,91.38324,91.74336,92.21445,92.36171999999999,92.24384,92.55235,92.67822,93.20382,93.36969,93.5664,
60,Early-demographic dividend,EAR,"Literacy rate, adult female (% of females ages 15 and above)",SE.ADT.LITR.FE.ZS,,,,,,,,,,,,,,,,37.15837,37.50685,38.22058,38.973620000000004,39.67763,39.784909999999996,40.9056,41.9368,42.72413,43.74433,44.53637,45.35852,46.33725,46.73191,47.5504,48.66498,49.376709999999996,50.37921,51.17374,52.15899,53.14869,54.062290000000004,54.872780000000006,57.758880000000005,58.567009999999996,59.42136,60.073919999999994,60.74673000000001,61.79616,62.73356,61.551809999999996,63.23373,63.99487,65.01609,66.13377,68.19773,68.11016,69.73566,70.3697,71.35424,71.95249,72.66565,
61,East Asia & Pacific,EAS,"Literacy rate, adult female (% of females ages 15 and above)",SE.ADT.LITR.FE.ZS,,,,,,,,,,,,,,,,,57.18199,57.305009999999996,58.4676,59.7105,60.26603000000001,62.05486,62.79792,64.39631999999999,65.54254,66.64788,67.646,68.9246,73.98181,74.81886999999999,74.78902,76.25258000000001,76.85755,77.4434,78.07883000000001,78.7219,79.3514,86.44493,86.90949,87.32658,87.8352,88.2418,88.70897,89.19516,89.82968000000001,90.26026,90.77855,92.16631,92.48501999999999,92.90348,93.03505,92.93043,93.20600999999999,93.31953,93.78896999999999,93.93781,94.11435,
62,Europe & Central Asia (excluding high income),ECA,"Literacy rate, adult female (% of females ages 15 and above)",SE.ADT.LITR.FE.ZS,,,,,,,,,,,,,,,,,,,,,,,,91.40444000000001,92.28243,92.47022,92.62174,92.80457,93.01943,93.12289,93.3708,93.53148,93.71966,93.90243000000001,94.08289,94.27049,94.54594,94.71989,95.24471,95.34541,95.36213000000001,95.4684,95.59394,95.70461999999999,95.88552,96.13495999999999,96.089,96.23935,96.31326,97.13373,97.56464,97.93379,98.12746,98.19782,98.23736,98.27967,98.4013,
63,Europe & Central Asia,ECS,"Literacy rate, adult female (% of females ages 15 and above)",SE.ADT.LITR.FE.ZS,,,,,,,,,,,,,,,,,,,,,,,,,,,,95.11801,95.4031,95.4783,95.64146,95.74417,95.8563,95.96800999999999,96.07785,96.22267,96.40525,96.53779,96.84307,96.94191,97.00126999999999,97.10077,97.19226,97.29033000000001,97.39579,97.49974,97.52808,97.59401,97.63705999999999,97.98980999999999,98.19816,98.43038,98.53956,98.59316,98.62377,98.6567,98.72943000000001,
64,Ecuador,ECU,"Literacy rate, adult female (% of females ages 15 and above)",SE.ADT.LITR.FE.ZS,,,,,,,,,,,,,,,,,,,,,,,80.40522766,,,,,,,,86.19332886,,,,,,,,,,,89.69709015,,,,,,81.68058777,,81.45120239,90.47010803,90.22081757,90.95168304,92.21807861,93.25386047,93.25662231,93.31452942,
65,"Egypt, Arab Rep.",EGY,"Literacy rate, adult female (% of females ages 15 and above)",SE.ADT.LITR.FE.ZS,,,,,,,,,,,,,,,,,22.43800926,,,,,,,,,,31.39266968,,,,,,,,,,43.59531021,,,,,,,,,30.79796028,57.81190872,,,,63.51580811,,65.75666046,67.17986298,,,,
66,Euro area,EMU,"Literacy rate, adult female (% of females ages 15 and above)",SE.ADT.LITR.FE.ZS,,,,,,,,,,,,,,,,,,,,,,,,,,,,,96.59552,96.6785,96.76738,96.85051,96.92639,97.00854,97.08805,97.22358,97.36109,97.48203000000001,97.64145,97.75865999999999,97.87134,97.98294,98.0553,98.1602,98.20073000000001,98.18045,98.30716,98.30109,98.31783,98.27938,98.31902,98.4948,98.5532,98.61003000000001,98.6427,98.67655,98.72308000000001,
67,Eritrea,ERI,"Literacy rate, adult female (% of females ages 15 and above)",SE.ADT.LITR.FE.ZS,,,,,,,,,,,,,,,,,,,,,,,,,,,,,,,,,,,,,,,,,,,40.22441864,,,,,,54.80107117,,,,,,,,,
68,Spain,ESP,"Literacy rate, adult female (% of females ages 15 and above)",SE.ADT.LITR.FE.ZS,,,,,,,,,,,,,,,,,,,,,,89.93692017,,,,,,,,,,95.0510025,,,,,,,,,,,,,96.23088074,96.92514801,,97.26032257,96.88684082,96.92597198,97.00450134,97.06556702,97.21804047,97.4405365,97.48735046,97.54712677,97.69535828,
69,Estonia,EST,"Literacy rate, adult female (% of females ages 15 and above)",SE.ADT.LITR.FE.ZS,,,,,,,,,,,,,,,,,,,,,,,,,,,,,,99.60147858,,,,,,,,,,,99.76006317,,,,,,,,,,,99.90947723,,,,,,
70,Ethiopia,ETH,"Literacy rate, adult female (% of females ages 15 and above)",SE.ADT.LITR.FE.ZS,,,,,,,,,,,,,,,,,,,,,,,,,,,,,,,,,,,18.51498032,,,,,,,,,,22.79999924,17.97719955,,28.921640399999998,,,,,,,,,,
71,European Union,EUU,"Literacy rate, adult female (% of females ages 15 and above)",SE.ADT.LITR.FE.ZS,,,,,,,,,,,,,,,,,,,,,,,,,,,,,97.09228,97.16578,97.24331,97.31156999999999,,97.44073,97.50603000000001,97.62325,97.73966999999999,97.84687,97.98336,98.0603,98.16005,98.25794,98.33067,98.41998000000001,98.46919,98.46375,98.55456,98.55745999999999,98.57918000000001,98.60845,98.63986,98.76105,98.80419,98.84626,98.87213,98.89868,98.93313,
72,Fragile and conflict affected situations,FCS,"Literacy rate, adult female (% of females ages 15 and above)",SE.ADT.LITR.FE.ZS,,,,,,,,,,,,,,,,,,,,,,,,,,,,45.20385,45.75864,45.911229999999996,46.38603,46.7991,47.306940000000004,47.52785,48.58408,49.33972,49.94466,50.83748,51.70044,52.38412,53.58184,54.30105,54.597930000000005,55.045519999999996,55.51885,55.80438,53.83524,54.06811,53.81269,51.959109999999995,52.42944,51.87321,52.35852,52.18612,53.173590000000004,53.71909,54.28536999999999,
73,Finland,FIN,"Literacy rate, adult female (% of females ages 15 and above)",SE.ADT.LITR.FE.ZS,,,,,,,,,,,,,,,,,,,,,,,,,,,,,,,,,,,,,,,,,,,,,,,,,,,,,,,,,,
74,Fiji,FJI,"Literacy rate, adult female (% of females ages 15 and above)",SE.ADT.LITR.FE.ZS,,,,,,,,,,,,,,,,,,,,,,,,,,,,,,,,,,,,,,,,,,,,,,,,,,,,,,,,,,
75,France,FRA,"Literacy rate, adult female (% of females ages 15 and above)",SE.ADT.LITR.FE.ZS,,,,,,,,,,,,,,,,,,,,,,,,,,,,,,,,,,,,,,,,,,,,,,,,,,,,,,,,,,
76,Faroe Islands,FRO,"Literacy rate, adult female (% of females ages 15 and above)",SE.ADT.LITR.FE.ZS,,,,,,,,,,,,,,,,,,,,,,,,,,,,,,,,,,,,,,,,,,,,,,,,,,,,,,,,,,
77,"Micronesia, Fed. Sts.",FSM,"Literacy rate, adult female (% of females ages 15 and above)",SE.ADT.LITR.FE.ZS,,,,,,,,,,,,,,,,,,,,,,,,,,,,,,,,,,,,,,,,,,,,,,,,,,,,,,,,,,
78,Gabon,GAB,"Literacy rate, adult female (% of females ages 15 and above)",SE.ADT.LITR.FE.ZS,,,,,,,,,,,,,,,,,,,,,,,,,,,,,,,,,,65.32630920000001,,,,,,,,,,,,,,,,,,,79.87896729,,,,,
79,United Kingdom,GBR,"Literacy rate, adult female (% of females ages 15 and above)",SE.ADT.LITR.FE.ZS,,,,,,,,,,,,,,,,,,,,,,,,,,,,,,,,,,,,,,,,,,,,,,,,,,,,,,,,,,
80,Georgia,GEO,"Literacy rate, adult female (% of females ages 15 and above)",SE.ADT.LITR.FE.ZS,,,,,,,,,,,,,,,,,,,,,,,,,,,,,,,,,,,,,,,,,,,99.55284882,,,,,,,,,,,,99.51457977,,,
81,Ghana,GHA,"Literacy rate, adult female (% of females ages 15 and above)",SE.ADT.LITR.FE.ZS,,,,,,,,,,,,,,,,,,,,,,,,,,,,,,,,,,,,,,,,,49.79196167,,,,,,,,,,65.29469299,,,,,,,
82,Gibraltar,GIB,"Literacy rate, adult female (% of females ages 15 and above)",SE.ADT.LITR.FE.ZS,,,,,,,,,,,,,,,,,,,,,,,,,,,,,,,,,,,,,,,,,,,,,,,,,,,,,,,,,,
83,Guinea,GIN,"Literacy rate, adult female (% of females ages 15 and above)",SE.ADT.LITR.FE.ZS,,,,,,,,,,,,,,,,,,,,,,,,,,,,,,,,,,,,,9.743069649,,,,,,,18.23867989,,,,,,,12.19194984,,,,21.96228027,,,
84,"Gambia, The",GMB,"Literacy rate, adult female (% of females ages 15 and above)",SE.ADT.LITR.FE.ZS,,,,,,,,,,,,,,,,,,,,,,,,,,,,,,,,,,,,,,,,,25.06155014,,,,,,,,,,,,,33.57535172,,,,
85,Guinea-Bissau,GNB,"Literacy rate, adult female (% of females ages 15 and above)",SE.ADT.LITR.FE.ZS,,,,,,,,,,,,,,,,,,,,8.588259697,,,,,,,,,,,,,,,,,,,,,27.49420929,,,,,,,,,,,,,,30.76851082,,,
86,Equatorial Guinea,GNQ,"Literacy rate, adult female (% of females ages 15 and above)",SE.ADT.LITR.FE.ZS,,,,,,,,,,,,,,,,,,,,,,,,,,,,,,,,,,,,,,,,,81.6230011,,,,,,,,,,,,,,,,,
87,Greece,GRC,"Literacy rate, adult female (% of females ages 15 and above)",SE.ADT.LITR.FE.ZS,,,,,,,,,,,,,,,,,,,,,,85.31999207,,,,,,,,,,89.353302,,,,,,,,,,94.23941040000001,,,,90.76541138,,91.81246948,,91.84761047,,96.22849274,,,,,,
88,Grenada,GRD,"Literacy rate, adult female (% of females ages 15 and above)",SE.ADT.LITR.FE.ZS,,,,,,,,,,,97.58978271,,,,,,,,,,,,,,,,,,,,,,,,,,,,,,,,,,,,,,,,,,,,,,,
89,Greenland,GRL,"Literacy rate, adult female (% of females ages 15 and above)",SE.ADT.LITR.FE.ZS,,,,,,,,,,,,,,,,,,,,,,,,,,,,,,,,,,,,,,,,,,,,,,,,,,,,,,,,100.0,,
90,Guatemala,GTM,"Literacy rate, adult female (% of females ages 15 and above)",SE.ADT.LITR.FE.ZS,,,,,,,,,,,,,,,,,,,,,,,,,,,,,,,,,,,57.29265976,,,,,,,,63.34138107,,,,,,,,,,72.42803955,72.12758636,76.37065887,,,
91,Guam,GUM,"Literacy rate, adult female (% of females ages 15 and above)",SE.ADT.LITR.FE.ZS,,,,,,,,,,,,,,,,,,,,,,,,,,,,,,,,,,,,,,,,,,,,,,,,,,,,,,,,,,
92,Guyana,GUY,"Literacy rate, adult female (% of females ages 15 and above)",SE.ADT.LITR.FE.ZS,,,,,,,,,,,,,,,,,,,,,,,,,,,,,,,,,,,,,,,,,,,,,,,,,,87.25198364,,,,,85.03460693,,,
93,High income,HIC,"Literacy rate, adult female (% of females ages 15 and above)",SE.ADT.LITR.FE.ZS,,,,,,,,,,,,,,,,,,,,,,,,,,,,,,,,,,,,,,,,,,,,,,,,,,,,,,,,,,
94,"Hong Kong SAR, China",HKG,"Literacy rate, adult female (% of females ages 15 and above)",SE.ADT.LITR.FE.ZS,,,,,,,,,,,,,,,,,,,,,,,,,,,,,,,,,,,,,,,,,,,,,,,,,,,,,,,,,,
95,Honduras,HND,"Literacy rate, adult female (% of females ages 15 and above)",SE.ADT.LITR.FE.ZS,,,,,,,,,,,,,,,,,,,,,,,,,,,,,,,,,,,,,,,,,,80.22360229,,,,,,83.45276642,,,84.72502899,84.93026733,85.05148315,85.284729,87.02599335,87.89369965,88.93486023,
96,Heavily indebted poor countries (HIPC),HPC,"Literacy rate, adult female (% of females ages 15 and above)",SE.ADT.LITR.FE.ZS,,,,,,,,,,,,,,,,,,,,,,,,,,,32.330729999999996,33.025909999999996,33.636359999999996,34.152029999999996,34.86124,35.161120000000004,35.45537,35.92822,36.654270000000004,36.84132,37.53349,38.52782,39.19389,40.0303,41.147420000000004,41.9906,41.79958,42.68627,44.35773,43.89983,42.87478,44.55368,43.956379999999996,44.74745,45.73273,48.238620000000004,49.57801,50.09255,51.25065,51.93003,53.150180000000006,
97,Croatia,HRV,"Literacy rate, adult female (% of females ages 15 and above)",SE.ADT.LITR.FE.ZS,,,,,,,,,,,,,,,,,,,,,,,,,,,,,,,,94.8172226,,,,,,,,,,97.08390045,,,,,,,,,,98.66590881,,,,,,
98,Haiti,HTI,"Literacy rate, adult female (% of females ages 15 and above)",SE.ADT.LITR.FE.ZS,,,,,,,,,,,,,,,,,,,,,,,32.52495956,,,,,,,,,,,,,,,,,,,,,54.86146927,,,44.59944916,,,,,,,,,,,
99,Hungary,HUN,"Literacy rate, adult female (% of females ages 15 and above)",SE.ADT.LITR.FE.ZS,,,,,,,,,,,,,,,,,,,,,98.45413208,,,,,,,,,,,,,,,,,,,,,,,,,,,,,,,,,,,,,
100,IBRD only,IBD,"Literacy rate, adult female (% of females ages 15 and above)",SE.ADT.LITR.FE.ZS,,,,,,,,,,,,,,,,51.9367,52.04905,52.31989,53.179759999999995,54.01225,54.558240000000005,55.61792,56.38449,57.50554,58.50991,59.387069999999994,60.275459999999995,61.22675,64.06234,64.80336,65.29616999999999,66.33474,67.03153,67.64397,68.26594,68.92215,69.60568,73.76385,75.31905,75.82276999999999,76.39204000000001,76.84305,77.39756,78.17765,78.80785999999999,78.26168,79.18349,80.25233,80.75262,81.33521999999999,82.42833,82.97425,83.34165,83.63086,84.15142,84.54992,84.92368,
101,IDA & IBRD total,IBT,"Literacy rate, adult female (% of females ages 15 and above)",SE.ADT.LITR.FE.ZS,,,,,,,,,,,,,,,,49.17452,49.30097,49.58101,50.34363,51.11149,51.598009999999995,52.53345,53.23904,54.225359999999995,55.125,55.9204,56.684709999999995,57.563869999999994,59.991609999999994,60.690630000000006,61.2136,62.16444,62.77175,63.3458,63.986380000000004,64.61631,65.29281,68.76481,70.23993,70.77421,71.09238,71.57026,72.05915,72.76505999999999,73.46372,72.99325,73.75835,74.52917,74.99099,75.55131,76.49386,76.80529,77.67719,77.91585,78.4771,78.82011999999999,79.24789,
102,IDA total,IDA,"Literacy rate, adult female (% of females ages 15 and above)",SE.ADT.LITR.FE.ZS,,,,,,,,,,,,,,,,,,,,38.26367,38.515609999999995,38.89718,39.34403,39.75816,40.22845,40.70717,40.97852,41.60805,42.35009,42.97926,43.66884,44.390609999999995,44.76907,45.34132,46.23234,46.93915,47.71291,48.5702,49.92269,50.769690000000004,50.27462,51.02353,51.41318,51.98662,53.11051,53.105340000000005,53.46538,53.329480000000004,53.871680000000005,54.587830000000004,55.24162,54.9809,57.89978000000001,58.23639,59.21151999999999,59.63926,60.511990000000004,
103,IDA blend,IDB,"Literacy rate, adult female (% of females ages 15 and above)",SE.ADT.LITR.FE.ZS,,,,,,,,,,,,,,,,,46.58388,47.01082,47.445009999999996,48.19082,48.248979999999996,48.541779999999996,49.08041,49.453140000000005,49.84748,50.25308,50.18752,50.92238,51.64904,52.4376,53.113580000000006,54.4656,54.7787,55.487280000000005,56.26466,57.04558000000001,57.90513000000001,58.67501,59.801469999999995,60.51466,57.5849,58.076519999999995,58.743480000000005,58.7688,59.562380000000005,60.287240000000004,61.859719999999996,60.959959999999995,61.00799,61.84921,62.38061999999999,62.8115,63.5148,63.45454,64.51645,64.38183000000001,65.01275,
104,Indonesia,IDN,"Literacy rate, adult female (% of females ages 15 and above)",SE.ADT.LITR.FE.ZS,,,,,,,,,,,,,,,,,,,,,57.69462967,,,,,,,,,,75.27011871,,,,,,,,,,,,,,86.79959106,,88.78697968,,89.10138702,89.67711639,,90.0687027,,,93.45089722,93.33570862,93.58692169,
105,IDA only,IDX,"Literacy rate, adult female (% of females ages 15 and above)",SE.ADT.LITR.FE.ZS,,,,,,,,,,,,,,,,,,,,,,,,33.520109999999995,34.029340000000005,34.54804,35.03233,35.59383,36.35008,36.88562,37.56588,37.90183,38.34742,38.85973,39.85078,40.53698,41.27344,42.20203,43.71215,44.658409999999996,45.70196,46.6193,46.8456,47.77057,49.10968,48.66369,48.288740000000004,48.63962,49.50209,50.16013,50.90832,50.25657,54.5324,55.126259999999995,56.070330000000006,56.850559999999994,57.88454,
106,Isle of Man,IMN,"Literacy rate, adult female (% of females ages 15 and above)",SE.ADT.LITR.FE.ZS,,,,,,,,,,,,,,,,,,,,,,,,,,,,,,,,,,,,,,,,,,,,,,,,,,,,,,,,,,
107,India,IND,"Literacy rate, adult female (% of females ages 15 and above)",SE.ADT.LITR.FE.ZS,,,,,,,,,,,,,,,,,,,,,,25.67625046,,,,,,,,,,33.72953033,,,,,,,,,,47.84209824,,,,,50.82376099,,,,,59.27732086,,,,,,
108,Not classified,INX,"Literacy rate, adult female (% of females ages 15 and above)",SE.ADT.LITR.FE.ZS,,,,,,,,,,,,,,,,,,,,,,,,,,,,,,,,,,,,,,,,,,,,,,,,,,,,,,,,,,
109,Ireland,IRL,"Literacy rate, adult female (% of females ages 15 and above)",SE.ADT.LITR.FE.ZS,,,,,,,,,,,,,,,,,,,,,,,,,,,,,,,,,,,,,,,,,,,,,,,,,,,,,,,,,,
110,"Iran, Islamic Rep.",IRN,"Literacy rate, adult female (% of females ages 15 and above)",SE.ADT.LITR.FE.ZS,,,,,,,,,,,,,,,,,24.42308044,,,,,,,,,,41.03395081,,,,,56.15642166,,,,,66.06775665,,,,,,70.40000153,,,76.80264282,77.24002075,,77.69471741,,,,78.41626740000001,79.75583649,79.83934784,,,
111,Iraq,IRQ,"Literacy rate, adult female (% of females ages 15 and above)",SE.ADT.LITR.FE.ZS,,,,,,,,,,,,,,,,,,,,,,,,,,,,,,,,,,,,,,,,,64.16950226,,,,,,,,,,,,,37.95524979,,,,
112,Iceland,ISL,"Literacy rate, adult female (% of females ages 15 and above)",SE.ADT.LITR.FE.ZS,,,,,,,,,,,,,,,,,,,,,,,,,,,,,,,,,,,,,,,,,,,,,,,,,,,,,,,,,,
113,Israel,ISR,"Literacy rate, adult female (% of females ages 15 and above)",SE.ADT.LITR.FE.ZS,,,,,,,,,,,,,,,,,,,,,,,,88.67472076,,,,,,,,,,,,,,,,,,,,,,,,,,,,,,,,,,
114,Italy,ITA,"Literacy rate, adult female (% of females ages 15 and above)",SE.ADT.LITR.FE.ZS,,,,,,,,,,,,,,,,,,,,,,95.53666687,,,,,,,,,,,,,,,,,,,,98.0421524,,,,,,,,,,98.57956696,,,,,,
115,Jamaica,JAM,"Literacy rate, adult female (% of females ages 15 and above)",SE.ADT.LITR.FE.ZS,,,,,,,,,,,,,,,,,,,,,,,,,,,,,,,,,,,,,,,,85.87207794,,,,,,,,,,,,,,,,,,
116,Jordan,JOR,"Literacy rate, adult female (% of females ages 15 and above)",SE.ADT.LITR.FE.ZS,,,,,,,,,,,,,,,,,,,,52.11061096,,,,,,,,,,,,,,,,,,,,,,,,84.71392059,,87.0058136,,88.90331268,,,89.20774078,93.93345642,97.37200928,,,,,
117,Japan,JPN,"Literacy rate, adult female (% of females ages 15 and above)",SE.ADT.LITR.FE.ZS,,,,,,,,,,,,,,,,,,,,,,,,,,,,,,,,,,,,,,,,,,,,,,,,,,,,,,,,,,
118,Kazakhstan,KAZ,"Literacy rate, adult female (% of females ages 15 and above)",SE.ADT.LITR.FE.ZS,,,,,,,,,,,,,,,,,,,,,,,,,,,,,,96.13877106,,,,,,,,,,99.28990173,,,,,,,,,,99.68428802,99.73899078,,,,,,,
119,Kenya,KEN,"Literacy rate, adult female (% of females ages 15 and above)",SE.ADT.LITR.FE.ZS,,,,,,,,,,,,,,,,,,,,,,,,,,,,,,,,,,,,,,,,,77.89298248,,,,,,,66.86312103,,,,,,,74.00631714,,,
120,Kyrgyz Republic,KGZ,"Literacy rate, adult female (% of females ages 15 and above)",SE.ADT.LITR.FE.ZS,,,,,,,,,,,,,,,,,,,,,,,,,,,,,,,,,,,,,,,,98.13063049,,,,,,,,,,98.9812088,,,,,,,,
121,Cambodia,KHM,"Literacy rate, adult female (% of females ages 15 and above)",SE.ADT.LITR.FE.ZS,,,,,,,,,,,,,,,,,,,,,,,,,,,,,,,,,,,,,,,56.99250031,,,,,,64.05098724,,,,70.85820007,65.93125153,,,,,,,,
122,Kiribati,KIR,"Literacy rate, adult female (% of females ages 15 and above)",SE.ADT.LITR.FE.ZS,,,,,,,,,,,,,,,,,,,,,,,,,,,,,,,,,,,,,,,,,,,,,,,,,,,,,,,,,,
123,St. Kitts and Nevis,KNA,"Literacy rate, adult female (% of females ages 15 and above)",SE.ADT.LITR.FE.ZS,,,,,,,,,,,,,,,,,,,,,,,,,,,,,,,,,,,,,,,,,,,,,,,,,,,,,,,,,,
124,"Korea, Rep.",KOR,"Literacy rate, adult female (% of females ages 15 and above)",SE.ADT.LITR.FE.ZS,,,,,,,,,,,,,,,,,,,,,,,,,,,,,,,,,,,,,,,,,,,,,,,,,,,,,,,,,,
125,Kuwait,KWT,"Literacy rate, adult female (% of females ages 15 and above)",SE.ADT.LITR.FE.ZS,,,,,,,,,,,,,,,,48.0152092,,,,,59.11050034,,,,,68.84937286,,,,,,,,,,74.14871979,,,,,,,,,,91.04250336,90.82862854,91.50348663,91.77864838,,92.68093872,,94.96524811,94.30116272,,94.470047,,
126,Latin America & Caribbean (excluding high income),LAC,"Literacy rate, adult female (% of females ages 15 and above)",SE.ADT.LITR.FE.ZS,,,,,,,,,,,,,,,75.17845,75.18053,75.63205,76.17923,76.75065,77.27511,77.84266,78.27711,78.77948,79.28353,79.77812,80.26133,80.74372,81.02195999999999,81.64909,82.19496,82.73102,83.35303,84.03199000000001,84.72426999999999,85.33699,85.97952,86.35911999999999,86.67778,87.23436,87.60036,87.85363000000001,87.94655999999999,88.10839,88.97565999999999,88.89363,89.45742,89.22068,89.73629,90.13154,90.30888,90.72948000000001,91.31447,91.65895,91.75731,92.22832,92.5777,92.89112,
127,Lao PDR,LAO,"Literacy rate, adult female (% of females ages 15 and above)",SE.ADT.LITR.FE.ZS,,,,,,,,,,,,,,,,,,,,,,,,,,,,,,,,,,,,47.90235901,,,,,58.46070099,60.90251923,,,,63.22698975,,,,,,49.72307968,,,,,,
128,Lebanon,LBN,"Literacy rate, adult female (% of females ages 15 and above)",SE.ADT.LITR.FE.ZS,,,,,,,,,,,,,,,,,,,,,,,,,,,,,,,,,,,,,,,,,,,,,,,,85.96778107,,88.08705902,,,,,,,,
129,Liberia,LBR,"Literacy rate, adult female (% of females ages 15 and above)",SE.ADT.LITR.FE.ZS,,,,,,,,,,,,,,,,,,,,,,,,,19.30278969,,,,,,,,,,,,,,,,,,,,,,,27.034910200000002,,,,,,,,,,
130,Libya,LBY,"Literacy rate, adult female (% of females ages 15 and above)",SE.ADT.LITR.FE.ZS,,,,,,,,,,,,,,,,,,,,,,,,,42.31354904,,,,,,,,,,,,,,,,,,,,,,,,,,,,,,,,,
131,St. Lucia,LCA,"Literacy rate, adult female (% of females ages 15 and above)",SE.ADT.LITR.FE.ZS,,,,,,,,,,,,,,,,,,,,,,,,,,,,,,,,,,,,,,,,,,,,,,,,,,,,,,,,,,
132,Latin America & Caribbean,LCN,"Literacy rate, adult female (% of females ages 15 and above)",SE.ADT.LITR.FE.ZS,,,,,,,,,,,,,,,76.09154000000001,76.08709,76.50843,77.02017,77.56758,78.07055,78.60963000000001,79.03211,79.5218,79.99638,80.47054,80.93364,81.39595,81.67327,82.27019,82.82075999999999,83.33963,83.93041,84.57803,85.23595,85.81984,86.43222,86.79605,87.10236,87.63405999999999,87.98313,88.2275,88.3202,88.47936999999999,89.30128,89.22839,89.7688,89.55278,90.11742,90.50016,90.66315,91.03081,91.56052,91.89650999999999,91.97142,92.42865,92.76517,93.06703,
133,Least developed countries: UN classification,LDC,"Literacy rate, adult female (% of females ages 15 and above)",SE.ADT.LITR.FE.ZS,,,,,,,,,,,,,,,,,,,,,,29.33473,29.723770000000002,30.18003,30.71129,31.248309999999996,31.74363,32.3238,33.08659,33.679959999999994,34.3838,34.732459999999996,35.20467,35.752109999999995,36.83255,37.715090000000004,38.44124,39.382020000000004,40.94927,41.94865,42.78921,43.803709999999995,43.93268,44.87655,46.297129999999996,46.3399,45.83937,46.09517,46.86139,47.87614,48.48305,47.68768,52.363859999999995,52.97524,53.9116,54.68166,55.784180000000006,
134,Low income,LIC,"Literacy rate, adult female (% of females ages 15 and above)",SE.ADT.LITR.FE.ZS,,,,,,,,,,,,,,,,,,,,,,,,,,,33.64459,34.33822,35.00008,35.42972,36.10582,36.504509999999996,36.82678,37.16626,37.87506,38.249309999999994,38.79394,39.65762,40.125209999999996,40.7503,41.406259999999996,42.40275,41.79457,42.54267,44.12575,43.59945,43.31315,44.76757,43.78805,45.10535,45.47772,48.0812,49.42481,49.8719,50.92416,51.62578,52.815,
135,Liechtenstein,LIE,"Literacy rate, adult female (% of females ages 15 and above)",SE.ADT.LITR.FE.ZS,,,,,,,,,,,,,,,,,,,,,,,,,,,,,,,,,,,,,,,,,,,,,,,,,,,,,,,,,,
136,Sri Lanka,LKA,"Literacy rate, adult female (% of females ages 15 and above)",SE.ADT.LITR.FE.ZS,,,,,,,,,,,,,,,,,,,,,,82.02197266,,,,,,,,,,,,,,,,,,,,89.13575745,,,,,89.09134674,,89.07347107,,89.9586792,,,,,,,
137,Lower middle income,LMC,"Literacy rate, adult female (% of females ages 15 and above)",SE.ADT.LITR.FE.ZS,,,,,,,,,,,,,,,,38.3686,38.56048,39.134679999999996,39.74498,40.42434,40.30433,41.30592,42.19894,42.77766,43.41446,44.05687,44.64209,45.604820000000004,45.83775,46.63426,47.48337,48.23217,49.01935,49.7301,50.598440000000004,51.437470000000005,52.34516,53.13511,56.10293000000001,56.92686,57.19214,57.84479,58.86121,59.71828000000001,60.56145,59.21756,60.90748000000001,61.14366999999999,62.192530000000005,62.95644,65.11896999999999,65.12375,66.86439,67.47874,68.48568,69.03838,69.75456,
138,Low & middle income,LMY,"Literacy rate, adult female (% of females ages 15 and above)",SE.ADT.LITR.FE.ZS,,,,,,,,,,,,,,,,48.63857,48.77722,49.07162,49.85362,50.64089,51.1443,52.103590000000004,52.82771999999999,53.83603000000001,54.75583,55.57055,56.35118000000001,57.248369999999994,59.70613,60.416109999999996,60.93776,61.900830000000006,62.51611,63.097519999999996,63.74548000000001,64.38266999999999,65.06699,68.56548000000001,70.05374,70.59408,70.91658000000001,71.3996,71.89431,72.60745,73.31212,72.84083000000001,73.6121,74.38224,74.84775,75.41496,76.36872,76.6877,77.56643000000001,77.81056,78.37605,78.7228,79.15443,
139,Lesotho,LSO,"Literacy rate, adult female (% of females ages 15 and above)",SE.ADT.LITR.FE.ZS,,,,,,,,,,,,,,,,,,,,,,,,,,,,,,,,,,,,,,,,,92.04644775,,,,,,,,,84.96395874,,,,,84.93489075,,,
140,Late-demographic dividend,LTE,"Literacy rate, adult female (% of females ages 15 and above)",SE.ADT.LITR.FE.ZS,,,,,,,,,,,,,,,,,60.690740000000005,60.69124,61.66271,62.69351999999999,63.654990000000005,64.61236,65.18344,66.55722,67.52320999999999,68.47634000000001,69.34102,70.25383000000001,75.00287,75.75755,75.70725999999999,77.10545,77.68412,78.25003000000001,78.79361999999999,79.34186,79.9315,86.77504,87.26265,87.68394,88.09215,88.47409,88.89383000000001,89.40001,89.95209,90.39409,90.69235,92.09421,92.40833,92.82019,92.86650999999999,93.53047,93.75399999999999,93.82494,94.06224,94.29306,94.50538,
141,Lithuania,LTU,"Literacy rate, adult female (% of females ages 15 and above)",SE.ADT.LITR.FE.ZS,,,,,,,,,,,,,,,,,,,,,,,,,,,,,,97.78159332,,,,,,,,,,,,99.64794159,,,,,,,,,,99.83323669,,,,,,
142,Luxembourg,LUX,"Literacy rate, adult female (% of females ages 15 and above)",SE.ADT.LITR.FE.ZS,,,,,,,,,,,,,,,,,,,,,,,,,,,,,,,,,,,,,,,,,,,,,,,,,,,,,,,,,,
143,Latvia,LVA,"Literacy rate, adult female (% of females ages 15 and above)",SE.ADT.LITR.FE.ZS,,,,,,,,,,,,,,,,,,,,,,,,,,,,,,99.188797,,,,,,,,,,,99.70973206,,,,,,,,,,,99.90792084,,,,,,
144,"Macao SAR, China",MAC,"Literacy rate, adult female (% of females ages 15 and above)",SE.ADT.LITR.FE.ZS,,,,,,,,,,,,,,,,,,,,,,86.21588135,,,,,,,,,,,,,,,,,,,,87.77497101,,,,,90.72358704,,,,,93.73191071,,,,,95.03256989,
145,St. Martin (French part),MAF,"Literacy rate, adult female (% of females ages 15 and above)",SE.ADT.LITR.FE.ZS,,,,,,,,,,,,,,,,,,,,,,,,,,,,,,,,,,,,,,,,,,,,,,,,,,,,,,,,,,
146,Morocco,MAR,"Literacy rate, adult female (% of females ages 15 and above)",SE.ADT.LITR.FE.ZS,,,,,,,,,,,,,,,,,,,,,,,17.51486969,,,,,,,,,,,,28.72542,,,,,,,,,,39.61956024,,,,42.58784866,43.92108154,,57.63999176,59.13063812,,,,,
147,Monaco,MCO,"Literacy rate, adult female (% of females ages 15 and above)",SE.ADT.LITR.FE.ZS,,,,,,,,,,,,,,,,,,,,,,,,,,,,,,,,,,,,,,,,,,,,,,,,,,,,,,,,,,
148,Moldova,MDA,"Literacy rate, adult female (% of females ages 15 and above)",SE.ADT.LITR.FE.ZS,,,,,,,,,,,,,,,,,,,,,,,,,,,,,,94.4444809,,,,,,,,,,,95.49230194,,,,,,,,,,,,98.92424774,,,,,
149,Madagascar,MDG,"Literacy rate, adult female (% of females ages 15 and above)",SE.ADT.LITR.FE.ZS,,,,,,,,,,,,,,,,,,,,,,,,,,,,,,,,,,,,,,,,,65.27857208,,,,,,,,,61.64141083,,,68.28330231,,,,,
150,Maldives,MDV,"Literacy rate, adult female (% of females ages 15 and above)",SE.ADT.LITR.FE.ZS,,,,,,,,,,,,,,,,,,82.17816162,,,,,,,,92.35900879,,,,,96.14601135,,,,,96.44297791,,,,,,,,,,,98.42984772,,,,,,,,98.69167328,,,
151,Middle East & North Africa,MEA,"Literacy rate, adult female (% of females ages 15 and above)",SE.ADT.LITR.FE.ZS,,,,,,,,,,,,,,28.35125,28.85908,29.40482,30.179920000000003,30.573940000000004,31.296540000000004,32.07718,32.9006,33.746990000000004,34.71348,35.78707,36.93264,37.98814,39.28273,40.18607,41.44273,42.68441,45.483709999999995,46.95148,48.13975,48.689679999999996,49.99348,51.85738,53.70895,54.695969999999996,56.1491,57.5111,58.83347,60.12303000000001,60.625240000000005,63.81289,65.08784,59.351580000000006,65.90191,66.47235,67.28407,67.49821999999999,68.6362,69.41557,69.92336,70.53463,71.02756,72.05870999999999,72.59493,
152,Mexico,MEX,"Literacy rate, adult female (% of females ages 15 and above)",SE.ADT.LITR.FE.ZS,,,,,,,,,,,,,,,,,,,,,79.89099884,,,,,,,,,,84.95590973,,,,,,,,,,88.68203735,,88.72863007,,89.63101959,90.21041107,89.8345108,91.35555267,91.45361328,92.11624908,91.85341644,92.33827972,93.17923737,92.90393829,93.59133911,93.48549652,,
153,Marshall Islands,MHL,"Literacy rate, adult female (% of females ages 15 and above)",SE.ADT.LITR.FE.ZS,,,,,,,,,,,,,,,,,,,,,,,,,,,,,,,,,,,,,,,,,,,,,,,,,,,,98.20298004,,,,,,
154,Middle income,MIC,"Literacy rate, adult female (% of females ages 15 and above)",SE.ADT.LITR.FE.ZS,,,,,,,,,,,,,,,,50.04313,50.17427,50.472159999999995,51.28922,52.11051,52.62165,53.60915,54.346140000000005,55.38896,56.32708,57.153909999999996,57.950469999999996,58.86362,61.452819999999996,62.189919999999994,62.69855,63.71229,64.35988,64.97126999999999,65.6293,66.30218,67.00516999999999,70.71172,72.29255,72.84361,73.15744000000001,73.61655,74.21225,74.94067,75.59703,75.15302,76.03325,76.7763,77.39076,77.93128,78.97214,79.13664,80.01646,80.28631999999999,80.85309000000001,81.21275,81.61848,
155,"Macedonia, FYR",MKD,"Literacy rate, adult female (% of females ages 15 and above)",SE.ADT.LITR.FE.ZS,,,,,,,,,,,,,,,,,,,,,,,,,,,,,,,,,,,90.92801666,,,,,,,,94.05606842,,,,,,,,,,,,,,,
156,Mali,MLI,"Literacy rate, adult female (% of females ages 15 and above)",SE.ADT.LITR.FE.ZS,,,,,,,,,,,,,,,,,5.735280037000001,,,,,,,,,,,,,,,,,,,,,,11.89342976,,,,,15.89999962,,,18.19091034,,,,20.28792953,24.63678932,,,,22.19581032,,
157,Malta,MLT,"Literacy rate, adult female (% of females ages 15 and above)",SE.ADT.LITR.FE.ZS,,,,,,,,,,,,,,,,,,,,,,,,,,87.28613281,,,,,,,,,,89.24263763,,,,,,,,,,93.50424957,,,,,,94.79003906,,,,,,
158,Myanmar,MMR,"Literacy rate, adult female (% of females ages 15 and above)",SE.ADT.LITR.FE.ZS,,,,,,,,,,,,,,,,,,,,,,,,71.63086700000001,,,,,,,,,,,,,,,,,86.41517639,,,,,,,,,,,,,,,,71.84699249,
159,Middle East & North Africa (excluding high income),MNA,"Literacy rate, adult female (% of females ages 15 and above)",SE.ADT.LITR.FE.ZS,,,,,,,,,,,,,24.74858,25.25035,25.766460000000002,26.32668,27.145190000000003,27.54314,28.305590000000002,29.111359999999998,29.993879999999997,30.891709999999996,31.8618,33.0165,34.21685,35.34168,36.73041,37.687129999999996,38.937940000000005,40.18002,43.13912,44.63309,45.80018,46.36602,47.691990000000004,49.64693,51.5714,52.53989,53.986580000000004,55.373630000000006,56.68733,58.03631,58.41771,61.76956,63.022940000000006,56.547019999999996,63.73445,64.23496999999999,64.97183000000001,65.08830999999999,66.22887,66.4356,66.92492,67.47927,67.98761999999999,69.13416,69.68806,
160,Montenegro,MNE,"Literacy rate, adult female (% of females ages 15 and above)",SE.ADT.LITR.FE.ZS,,,,,,,,,,,,,,,,,,,,,,83.23545837,,,,,,,,,,97.77604675,,,,,,,,,,,,96.31887054,,,,,,,,97.50051117,,,,,,
161,Mongolia,MNG,"Literacy rate, adult female (% of females ages 15 and above)",SE.ADT.LITR.FE.ZS,,,,,,,,,,,,,,,,,,,,,,,,,,,,,,,,,,,,,,,,,97.52880096,,,,,,,,,,98.33663177,,,,,,,
162,Northern Mariana Islands,MNP,"Literacy rate, adult female (% of females ages 15 and above)",SE.ADT.LITR.FE.ZS,,,,,,,,,,,,,,,,,,,,,,,,,,,,,,,,,,,,,,,,,,,,,,,,,,,,,,,,,,
163,Mozambique,MOZ,"Literacy rate, adult female (% of females ages 15 and above)",SE.ADT.LITR.FE.ZS,,,,,,,,,,,,,,,,,,,,,12.09652996,,,,,,,,,,,,,,,,,24.96419907,,,,,,33.19395828,,,,,,36.45227814,,,,,,,,
164,Mauritania,MRT,"Literacy rate, adult female (% of females ages 15 and above)",SE.ADT.LITR.FE.ZS,,,,,,,,,,,,,,,,,,,,,,,,,,,,,,,,,,,,,,,,,43.4173584,,,,,,,35.34843063,,,,,,,,,,
165,Mauritius,MUS,"Literacy rate, adult female (% of females ages 15 and above)",SE.ADT.LITR.FE.ZS,,,,,,,,,,,,,,,,,,,,,,,,,,,,,,,74.66088867,,,,,,,,,,80.50003052,,,,,,,,,,,86.65807343,88.97934723,89.05094147,90.28331757,90.65402222,,
166,Malawi,MWI,"Literacy rate, adult female (% of females ages 15 and above)",SE.ADT.LITR.FE.ZS,,,,,,,,,,,,,,,,,,,,,,,,,,,,33.5230217,,,,,,,,,,,53.9971199,,,,,,,,,,,,51.25196838,,,,55.13098907,55.20410919,,
167,Malaysia,MYS,"Literacy rate, adult female (% of females ages 15 and above)",SE.ADT.LITR.FE.ZS,,,,,,,,,,,,,,,,,,,,,61.24850082,,,,,,,,,,,77.28308868,,,,,,,,,85.35421753,,,,,,,,,,90.74768066,,,,,,,
168,North America,NAC,"Literacy rate, adult female (% of females ages 15 and above)",SE.ADT.LITR.FE.ZS,,,,,,,,,,,,,,,,,,,,,,,,,,,,,,,,,,,,,,,,,,,,,,,,,,,,,,,,,,
169,Namibia,NAM,"Literacy rate, adult female (% of females ages 15 and above)",SE.ADT.LITR.FE.ZS,,,,,,,,,,,,,,,,,,,,,,,,,,,,,,,,73.98660278,,,,,,,,,,83.54032135,,,,,,78.35098267,,,,87.95105743,,,,,,
170,New Caledonia,NCL,"Literacy rate, adult female (% of females ages 15 and above)",SE.ADT.LITR.FE.ZS,,,,,,,,,,,,,,,,,,,,,,,,,,,,,,,,,,,,,,,,,,,,,,,,,,,,,,,,,,
171,Niger,NER,"Literacy rate, adult female (% of females ages 15 and above)",SE.ADT.LITR.FE.ZS,,,,,,,,,,,,,,,,,,,,,,,,,,,,,,,,,,,,,,,,,,9.399350166,,,,15.08413982,,,,,,,8.939740181,,,,,
172,Nigeria,NGA,"Literacy rate, adult female (% of females ages 15 and above)",SE.ADT.LITR.FE.ZS,,,,,,,,,,,,,,,,,,,,,,,,,,,,,,,,43.72919846,,,,,,,,,,,,43.32204819,,,,,41.38676071,,,,,,,,,
173,Nicaragua,NIC,"Literacy rate, adult female (% of females ages 15 and above)",SE.ADT.LITR.FE.ZS,,,,,,,,,,,,,,,,,,,,,,,,,,,,,,,,,,,,,,,,,,76.60166168,,,,77.91603851,,,,,,,,,,,,
174,Netherlands,NLD,"Literacy rate, adult female (% of females ages 15 and above)",SE.ADT.LITR.FE.ZS,,,,,,,,,,,,,,,,,,,,,,,,,,,,,,,,,,,,,,,,,,,,,,,,,,,,,,,,,,
175,Norway,NOR,"Literacy rate, adult female (% of females ages 15 and above)",SE.ADT.LITR.FE.ZS,,,,,,,,,,,,,,,,,,,,,,,,,,,,,,,,,,,,,,,,,,,,,,,,,,,,,,,,,,
176,Nepal,NPL,"Literacy rate, adult female (% of females ages 15 and above)",SE.ADT.LITR.FE.ZS,,,,,,,,,,,,,,,,,,,,,,9.153120041000001,,,,,,,,,,17.38179016,,,,,,,,,,34.88676071,,,,,,,,,,48.83758926,,,,,,
177,Nauru,NRU,"Literacy rate, adult female (% of females ages 15 and above)",SE.ADT.LITR.FE.ZS,,,,,,,,,,,,,,,,,,,,,,,,,,,,,,,,,,,,,,,,,,,,,,,,,,,,,,,,,,
178,New Zealand,NZL,"Literacy rate, adult female (% of females ages 15 and above)",SE.ADT.LITR.FE.ZS,,,,,,,,,,,,,,,,,,,,,,,,,,,,,,,,,,,,,,,,,,,,,,,,,,,,,,,,,,
179,OECD members,OED,"Literacy rate, adult female (% of females ages 15 and above)",SE.ADT.LITR.FE.ZS,,,,,,,,,,,,,,,,,,,,,,,,,,,,,,,,,,,,,,,,,,,,,,,,,,,,,,,,,,
180,Oman,OMN,"Literacy rate, adult female (% of females ages 15 and above)",SE.ADT.LITR.FE.ZS,,,,,,,,,,,,,,,,,,,,,,,,,,,,,,,,,,,,,,,,,,,,73.53170776,,,,,80.87226105,,81.80323029,,,,88.92669678,86.03720856,,
181,Other small states,OSS,"Literacy rate, adult female (% of females ages 15 and above)",SE.ADT.LITR.FE.ZS,,,,,,,,,,,,,,,,,,,,,,,,67.48881,67.62694,67.74221,67.99575,68.35162,69.2,69.67257,70.2139,70.66909,71.10342,71.78201999999999,71.85899,72.25851,72.91955,73.51969,74.30502,74.9229,74.97278,75.47278,76.25575,76.96826999999999,77.41529,77.98176,77.72601999999999,76.91753,78.13259000000001,77.39334000000001,77.70100000000001,78.29329,78.83495,79.30636,79.67104,80.15194,80.44206,
182,Pakistan,PAK,"Literacy rate, adult female (% of females ages 15 and above)",SE.ADT.LITR.FE.ZS,,,,,,,,,,,,,,,,,,,,,,14.77155018,,,,,,,,,,,,,,,,,29.04384041,,,,,,,35.36751938,39.61323166,,40.08118057,40.31462097,41.01552963,41.97539139,43.07189178,41.97494125,44.28342056,,,
183,Panama,PAN,"Literacy rate, adult female (% of females ages 15 and above)",SE.ADT.LITR.FE.ZS,,,,,,,,,,,,,,,,,,,,,88.04653168,,,,,,,,,,88.21485138,,,,,,,,,,91.24717712,,,,,,,,,,93.48526001,,,,,,,
184,Peru,PER,"Literacy rate, adult female (% of females ages 15 and above)",SE.ADT.LITR.FE.ZS,,,,,,,,,,,,,,,,,,,,,,73.85833740000001,,,,,,,,,,,,81.65875244,,,,,,,,,,,82.06262207,82.45436859,83.45487213,84.6468811,,,,,90.66883087,,90.44918059999999,91.24652863,91.18852997,
185,Philippines,PHL,"Literacy rate, adult female (% of females ages 15 and above)",SE.ADT.LITR.FE.ZS,,,,,,,,,,,,,,,,,,,,,82.76215363,,,,,,,,,,93.18071747,,,,94.53865051,,,,,,92.65490723,,,93.56452942,,,,,95.82563019,,,,,96.78736115,,,,
186,Palau,PLW,"Literacy rate, adult female (% of females ages 15 and above)",SE.ADT.LITR.FE.ZS,,,,,,,,,,,,,,,,,,,,,90.50324249,,,,,,,,,,,,,,,,,,,,,,,,,,,,,,,,,99.52793884,,96.34014893,,
187,Papua New Guinea,PNG,"Literacy rate, adult female (% of females ages 15 and above)",SE.ADT.LITR.FE.ZS,,,,,,,,,,,,,,,,,,,,,,,,,,,,,,,,,,,,,,,,,50.91773987,,,,,,,,,,,,,,,,,
188,Poland,POL,"Literacy rate, adult female (% of females ages 15 and above)",SE.ADT.LITR.FE.ZS,,,,,,,,,,,,,,,,,,,98.25198364,,,,,,,,,,,,,,,,,,,,,,,,,,,,,,,,,,,,,,,
189,Pre-demographic dividend,PRE,"Literacy rate, adult female (% of females ages 15 and above)",SE.ADT.LITR.FE.ZS,,,,,,,,,,,,,,,,,,,,,,,,,,,35.9312,36.77836,37.5812,38.30818,39.13431,40.15267,40.10763,40.79485,41.50478,42.10739,43.02245,44.18038,44.86806,45.84693,44.059779999999996,45.038990000000005,45.81603,46.58985,47.63035,47.29367,46.685959999999994,45.67542,45.174170000000004,44.81046,45.4385,47.677609999999994,48.898740000000004,49.26272,50.36524,51.1518,52.253609999999995,
190,Puerto Rico,PRI,"Literacy rate, adult female (% of females ages 15 and above)",SE.ADT.LITR.FE.ZS,,,,,,,,,,,,,,,,,,,,,85.8503418,,,,,,,,,,89.73095703,,,,,,,,,,,,,,,,,,,,92.53015137,,,,,,,
191,"Korea, Dem. Peopleâ€™s Rep.",PRK,"Literacy rate, adult female (% of females ages 15 and above)",SE.ADT.LITR.FE.ZS,,,,,,,,,,,,,,,,,,,,,,,,,,,,,,,,,,,,,,,,,,,,,,,,,99.997612,,,,,,,,,
192,Portugal,PRT,"Literacy rate, adult female (% of females ages 15 and above)",SE.ADT.LITR.FE.ZS,,,,,,,,,,,,,,,,,,,,,,74.60798645,,,,,,,,,,84.65821075,,,,,,,,,,,,,,,,,,,,92.86077118,,,,,,
193,Paraguay,PRY,"Literacy rate, adult female (% of females ages 15 and above)",SE.ADT.LITR.FE.ZS,,,,,,,,,,,,,,,,,,,,,,,75.85298157,,,,,,,,,,88.55870819,,,,,,,,,,,,,,,93.45326996,92.49443054,93.14401245,92.92574309999999,,,,93.73455048,94.34246063,,
194,West Bank and Gaza,PSE,"Literacy rate, adult female (% of females ages 15 and above)",SE.ADT.LITR.FE.ZS,,,,,,,,,,,,,,,,,,,,,,,,,,,,,,,,,,,,,,79.72662354,,,,,,,87.95173645,,89.75700378,90.46517944,90.09906006,91.70452881,92.17279816,92.61618042,93.56537628,94.126091,94.40728759999999,94.85376740000001,95.20790863,
195,Pacific island small states,PSS,"Literacy rate, adult female (% of females ages 15 and above)",SE.ADT.LITR.FE.ZS,,,,,,,,,,,,,,,,,,,,,,,,,,,,,,,,,,,,,,,,,,,,,,,,,,,,,,,,,,
196,Post-demographic dividend,PST,"Literacy rate, adult female (% of females ages 15 and above)",SE.ADT.LITR.FE.ZS,,,,,,,,,,,,,,,,,,,,,,,,,,,,,,,,,,,,,,,,,,,,,,,,,,,,,,,,,,
197,French Polynesia,PYF,"Literacy rate, adult female (% of females ages 15 and above)",SE.ADT.LITR.FE.ZS,,,,,,,,,,,,,,,,,,,,,,,,,,,,,,,,,,,,,,,,,,,,,,,,,,,,,,,,,,
198,Qatar,QAT,"Literacy rate, adult female (% of females ages 15 and above)",SE.ADT.LITR.FE.ZS,,,,,,,,,,,,,,,,,,,,,,,,,,,72.45894623,,,,,,,,,,,80.88867950000001,,,,,,,88.60922241,,,90.43611908,92.66381836,92.91017914,95.4018631,95.56330109,95.77407837,97.07314301,97.55827332,,,
199,Romania,ROU,"Literacy rate, adult female (% of females ages 15 and above)",SE.ADT.LITR.FE.ZS,,,,,,,,,,,,,,,,,,,,,,,,,,,,,,,,,94.98268890000001,,,,,,,,,,96.26631927,,,,,,,,,98.20520782,,,,,,
200,Russian Federation,RUS,"Literacy rate, adult female (% of females ages 15 and above)",SE.ADT.LITR.FE.ZS,,,,,,,,,,,,,,,,,,,,,,,,,,,,,,96.75817108,,,,,,,,,,,,,99.22836304,,,,,,,,99.64778137,,,,,,,
201,Rwanda,RWA,"Literacy rate, adult female (% of females ages 15 and above)",SE.ADT.LITR.FE.ZS,,,,,,,,,,,,,,,,,,,26.57357979,,,,,,,,,,,,,,,,,,,,,,59.75033951,,,,,,,,,,61.54861069,,64.66448975,,,,,
202,South Asia,SAS,"Literacy rate, adult female (% of females ages 15 and above)",SE.ADT.LITR.FE.ZS,,,,,,,,,,,,,,,,21.37957,21.38792,22.12109,22.869410000000002,23.62435,24.36833,24.63279,25.86056,26.652479999999997,27.454459999999997,28.267540000000004,29.089840000000002,29.92373,29.91,30.82191,31.7251,32.41874,33.5174,34.43905,35.37538,36.33735,37.31982,38.31123,42.90165,43.91794,44.9537,45.73594,47.00509,47.881840000000004,48.91672,48.108470000000004,49.36353,50.06605,51.53188,52.55712,55.600680000000004,56.111290000000004,58.579240000000006,59.34724,60.44465,61.19333,62.21454,
203,Saudi Arabia,SAU,"Literacy rate, adult female (% of females ages 15 and above)",SE.ADT.LITR.FE.ZS,,,,,,,,,,,,,,,,,,,,,,,,,,,,,,,,,57.27783966,,,,,,,,69.29119109999999,,,,76.3351593,,,,,,,,,91.36924744,,,,
204,Sudan,SDN,"Literacy rate, adult female (% of females ages 15 and above)",SE.ADT.LITR.FE.ZS,,,,,,,,,,,,,,,,,,,,,,,,,,,,,,,,,,,,,,,,,52.14640045,,,,,,,,46.69963074,,,,,,,,,
205,Senegal,SEN,"Literacy rate, adult female (% of females ages 15 and above)",SE.ADT.LITR.FE.ZS,,,,,,,,,,,,,,,,,,,,,,,,,,,,,17.86326981,,,,,,,,,,,,,,29.24733925,,,,32.98757935,,,38.66624832,,40.42491913,,33.59659958,,,,
206,Singapore,SGP,"Literacy rate, adult female (% of females ages 15 and above)",SE.ADT.LITR.FE.ZS,,,,,,,,,,,,,,,,,,,,,73.96853638,,,,,,,,,,83.02684784,,,,,,,,,,88.64517975,,,,,,,,,,93.77481079,94.06839752,94.35958862,94.64199066,94.91132355,95.19065094,95.44789124,
207,Solomon Islands,SLB,"Literacy rate, adult female (% of females ages 15 and above)",SE.ADT.LITR.FE.ZS,,,,,,,,,,,,,,,,,,,,,,,,,,,,,,,,,,,,,,,,69.0,,,,,,,,,,,,,,,,,,
208,Sierra Leone,SLE,"Literacy rate, adult female (% of females ages 15 and above)",SE.ADT.LITR.FE.ZS,,,,,,,,,,,,,,,,,,,,,,,,,,,,,,,,,,,,,,,,,,,,,24.15892982,,,,,,,,,24.85667992,,,,
209,El Salvador,SLV,"Literacy rate, adult female (% of females ages 15 and above)",SE.ADT.LITR.FE.ZS,,,,,,,,,,,,,,,,,,,,,,,,,,,,,,,,,71.28053284,,,,,,,,,,,,,,81.00382233,79.66213226,81.35949707,81.81794739,82.30802155,83.01564026,,84.67034912,,86.21710205,,
210,San Marino,SMR,"Literacy rate, adult female (% of females ages 15 and above)",SE.ADT.LITR.FE.ZS,,,,,,,,,,,,,,,,,,,,,,,,,,,,,,,,,,,,,,,,,,,,,,,,,,,,,,,,,,
211,Somalia,SOM,"Literacy rate, adult female (% of females ages 15 and above)",SE.ADT.LITR.FE.ZS,,,,,,,,,,,,,,,,,,,,,,,,,,,,,,,,,,,,,,,,,,,,,,,,,,,,,,,,,,
212,Serbia,SRB,"Literacy rate, adult female (% of females ages 15 and above)",SE.ADT.LITR.FE.ZS,,,,,,,,,,,,,,,,,,,,,,,,,,,,,,,,,,,,,,,,,,,,,,,,,,,,96.74910736,,,,,98.22827911,
213,Sub-Saharan Africa (excluding high income),SSA,"Literacy rate, adult female (% of females ages 15 and above)",SE.ADT.LITR.FE.ZS,,,,,,,,,,,,,,,,,,,,,,,,,37.948029999999996,38.39591,38.83855,39.58177,40.291909999999994,40.84389,41.68029,42.453759999999996,42.69533,43.3929,44.2911,44.800290000000004,45.62216,46.7442,47.437059999999995,48.3581,46.979859999999995,47.95364,47.99757,48.73733,50.28113,49.55488,49.17476,49.19999,48.900090000000006,50.07008,50.66345,52.60921,53.80806,54.354519999999994,55.31425,56.098040000000005,57.10426999999999,
214,South Sudan,SSD,"Literacy rate, adult female (% of females ages 15 and above)",SE.ADT.LITR.FE.ZS,,,,,,,,,,,,,,,,,,,,,,,,,,,,,,,,,,,,,,,,,,,,,,,,,19.18638039,,,,,,,,,
215,Sub-Saharan Africa,SSF,"Literacy rate, adult female (% of females ages 15 and above)",SE.ADT.LITR.FE.ZS,,,,,,,,,,,,,,,,,,,,,,,,,37.95644,38.40424,38.8467,39.589659999999995,40.2996,40.85139,41.68775,42.46119,42.702740000000006,43.400259999999996,44.2983,44.807520000000004,45.62927,46.751129999999996,47.44389,48.3648,46.98683,47.96056,48.004529999999995,48.74429,50.28788,49.56174,49.18161,49.20675,48.90676,50.07649,50.66965,52.615069999999996,53.813669999999995,54.35997,55.319480000000006,56.103080000000006,57.10909,
216,Small states,SST,"Literacy rate, adult female (% of females ages 15 and above)",SE.ADT.LITR.FE.ZS,,,,,,,,,,,,,,,,,,,,,,,,,,,73.96759,74.16006,74.70644,74.99849,75.37546999999999,75.65486999999999,75.93214,76.38279,76.4199,76.73698,77.23588000000001,77.69129000000001,78.27450999999999,78.63701,78.81144,79.20318,79.78874,80.32085,80.66878,81.09113,80.92453,80.4527,81.33136999999999,80.80872,81.00676,81.40965,81.73062,81.9703,82.22147,82.5705,82.7758,
217,Sao Tome and Principe,STP,"Literacy rate, adult female (% of females ages 15 and above)",SE.ADT.LITR.FE.ZS,,,,,,,,,,,,,,,,,,,,,,42.36338043,,,,,,,,,,61.92047882,,,,,,,,,,77.94922638,,,,,,,60.0830307,,,,85.4417038,,,,,
218,Suriname,SUR,"Literacy rate, adult female (% of females ages 15 and above)",SE.ADT.LITR.FE.ZS,,,,,,,,,,,,,,,,,,,,,,,,,,,,,,,,,,,,,,,,,,,,,87.19744109999999,,,,93.76537323,,94.00354004,,90.99790955,,,,,
219,Slovak Republic,SVK,"Literacy rate, adult female (% of females ages 15 and above)",SE.ADT.LITR.FE.ZS,,,,,,,,,,,,,,,,,,,,,,,,,,,,,,,,,,,,,,,,,,,,,,,,,,,,,,,,,,
220,Slovenia,SVN,"Literacy rate, adult female (% of females ages 15 and above)",SE.ADT.LITR.FE.ZS,,,,,,,,,,,,,,,,,,,,,,,,,,,,,,,,99.45375061,,,,,,,,,,,,,,,,,,,,,,,,,,
221,Sweden,SWE,"Literacy rate, adult female (% of females ages 15 and above)",SE.ADT.LITR.FE.ZS,,,,,,,,,,,,,,,,,,,,,,,,,,,,,,,,,,,,,,,,,,,,,,,,,,,,,,,,,,
222,Eswatini,SWZ,"Literacy rate, adult female (% of females ages 15 and above)",SE.ADT.LITR.FE.ZS,,,,,,,,,,,,,,,,,53.6659584,,,,,,,,,,65.2228775,,,,,,,,,,,,,,80.32875061,,,,,,,,,,82.44754791,,,,,,,
223,Sint Maarten (Dutch part),SXM,"Literacy rate, adult female (% of females ages 15 and above)",SE.ADT.LITR.FE.ZS,,,,,,,,,,,,,,,,,,,,,,,,,,,,,,,,,,,,,,,,,,,,,,,,,,,,,,,,,,
224,Seychelles,SYC,"Literacy rate, adult female (% of females ages 15 and above)",SE.ADT.LITR.FE.ZS,,,,,,,,,,,,,,,,,,,,,,,,,,,,85.48930359,,,,,,,88.58660126,,,,,,,,92.25897979999999,,,,,,,,94.44898224,,,,,,,
225,Syrian Arab Republic,SYR,"Literacy rate, adult female (% of females ages 15 and above)",SE.ADT.LITR.FE.ZS,,,,,,,,,,,,,,,,,,,,,,37.05915833,,,,,,,,,,,,,,,,,,,,,74.24044037,,73.6265564,,,,,,,,,,,,,
226,Turks and Caicos Islands,TCA,"Literacy rate, adult female (% of females ages 15 and above)",SE.ADT.LITR.FE.ZS,,,,,,,,,,,,,,,,,,,,,,,,,,,,,,,,,,,,,,,,,,,,,,,,,,,,,,,,,,
227,Chad,TCD,"Literacy rate, adult female (% of females ages 15 and above)",SE.ADT.LITR.FE.ZS,,,,,,,,,,,,,,,,,,,,,,,,,,,,,,,,,,4.591829777,,,,,,,12.7964201,,,,17.98057938,,,,,,,,,,,13.93340969,13.95522976,
228,East Asia & Pacific (IDA & IBRD countries),TEA,"Literacy rate, adult female (% of females ages 15 and above)",SE.ADT.LITR.FE.ZS,,,,,,,,,,,,,,,,,49.61097,49.83885,51.297,52.85481,53.60739,55.793040000000005,56.75676,58.72034,60.14196999999999,61.50082,62.725069999999995,64.25607,70.16565,71.16682,71.10045,72.80749,73.53138,74.23684,74.99528000000001,75.74508,76.4909,84.6834,85.21828000000001,85.70012,86.29043,86.76100000000001,87.30176999999999,87.86361,88.58955,89.08893,89.68561,91.27015,91.63523,92.11264,92.26191,92.14249000000001,92.45501999999999,92.58249,93.11492,93.28288,93.48216,
229,Europe & Central Asia (IDA & IBRD countries),TEC,"Literacy rate, adult female (% of females ages 15 and above)",SE.ADT.LITR.FE.ZS,,,,,,,,,,,,,,,,,,,,,,,,92.0926,92.88524,93.05863000000001,93.19870999999999,93.36983000000001,93.57008,93.66441999999999,93.89076,94.0386,94.20953,94.37607,94.5408,94.71229,94.96185,95.12095,95.6001,95.69315999999999,95.71030999999999,95.80830999999999,95.92222,96.02293,96.18679,96.41241,96.37210999999999,96.50824,96.58019,97.31875,97.70700000000001,98.03978000000001,98.21441999999999,98.2783,98.31441,98.353,98.46308,
230,Togo,TGO,"Literacy rate, adult female (% of females ages 15 and above)",SE.ADT.LITR.FE.ZS,,,,,,,,,,,,,,,,,,,,,,,,,,,,,,,,,,,,,,,,,38.45328903,,,,,,44.37662888,,,43.60689926,,47.97739029,,,,51.24177933,,
231,Thailand,THA,"Literacy rate, adult female (% of females ages 15 and above)",SE.ADT.LITR.FE.ZS,,,,,,,,,,,,,,,,,,,,,83.89334869,,,,,,,,,,,,,,,,,,,,90.51602173,,,,,91.52957153,,,,,96.42704773,,,92.24916077,,91.19193268,,
232,Tajikistan,TJK,"Literacy rate, adult female (% of females ages 15 and above)",SE.ADT.LITR.FE.ZS,,,,,,,,,,,,,,,,,,,,,,,,,,,,,,96.64179993,,,,,,,,,,,99.22122955,,,,,,,,,,,,,,,,,
233,Turkmenistan,TKM,"Literacy rate, adult female (% of females ages 15 and above)",SE.ADT.LITR.FE.ZS,,,,,,,,,,,,,,,,,,,,,,,,,,,,,,,,,,,,98.26177216,,,,,,,,,,,,,,,,,,,,,,
234,Latin America & the Caribbean (IDA & IBRD countries),TLA,"Literacy rate, adult female (% of females ages 15 and above)",SE.ADT.LITR.FE.ZS,,,,,,,,,,,,,,,75.18451999999999,75.18701999999999,75.63112,76.16588,76.73601,77.26087,77.8302,78.26616,78.78036,79.28035,79.77884,80.26393,80.74899,81.0301,81.65426,82.23124,82.76822,83.38929,84.06959,84.76055,85.37411,86.01644,86.39904,86.72207,87.27821999999999,87.64431,87.90120999999999,87.99946,88.16595,89.01716,88.94311,89.50308000000001,89.28116999999999,89.86585,90.26224,90.43353,90.8161,91.3608,91.70698,91.78572,92.25718,92.6042,92.9154,
235,Timor-Leste,TLS,"Literacy rate, adult female (% of females ages 15 and above)",SE.ADT.LITR.FE.ZS,,,,,,,,,,,,,,,,,,,,,,,,,,,,,,,,,,,,,,,,,,30.0,,,,,,42.5,,,52.95899963,,,,,,,
236,Middle East & North Africa (IDA & IBRD countries),TMN,"Literacy rate, adult female (% of females ages 15 and above)",SE.ADT.LITR.FE.ZS,,,,,,,,,,,,,24.343329999999998,24.845879999999998,25.36251,25.9246,26.74823,27.148840000000003,27.91739,28.72962,29.618959999999998,30.52328,31.500040000000002,32.66272,33.87151,35.0044,36.40231,37.365140000000004,38.624520000000004,39.87477,42.85731,44.36077,45.53439,46.09114,47.41492,49.37379,51.30295,52.28736,53.715140000000005,55.10402,56.4203,57.77353000000001,58.13933000000001,61.518159999999995,62.785169999999994,56.23411,63.4836,63.97922,64.72341,64.82106,65.96408000000001,66.1637,66.64299,67.19178000000001,67.69725,68.84664000000001,69.39838,
237,Tonga,TON,"Literacy rate, adult female (% of females ages 15 and above)",SE.ADT.LITR.FE.ZS,,,,,,,,,,,,,,,,,99.52552795,,,,,,,,,,,,,,,,,,,,98.97554779,,,,,,,,,,99.0825119,,,,,99.43421936,,,,,,
238,South Asia (IDA & IBRD),TSA,"Literacy rate, adult female (% of females ages 15 and above)",SE.ADT.LITR.FE.ZS,,,,,,,,,,,,,,,,21.37957,21.38792,22.12109,22.869410000000002,23.62435,24.36833,24.63279,25.86056,26.652479999999997,27.454459999999997,28.267540000000004,29.089840000000002,29.92373,29.91,30.82191,31.7251,32.41874,33.5174,34.43905,35.37538,36.33735,37.31982,38.31123,42.90165,43.91794,44.9537,45.73594,47.00509,47.881840000000004,48.91672,48.108470000000004,49.36353,50.06605,51.53188,52.55712,55.600680000000004,56.111290000000004,58.579240000000006,59.34724,60.44465,61.19333,62.21454,
239,Sub-Saharan Africa (IDA & IBRD countries),TSS,"Literacy rate, adult female (% of females ages 15 and above)",SE.ADT.LITR.FE.ZS,,,,,,,,,,,,,,,,,,,,,,,,,37.95644,38.40424,38.8467,39.589659999999995,40.2996,40.85139,41.68775,42.46119,42.702740000000006,43.400259999999996,44.2983,44.807520000000004,45.62927,46.751129999999996,47.44389,48.3648,46.98683,47.96056,48.004529999999995,48.74429,50.28788,49.56174,49.18161,49.20675,48.90676,50.07649,50.66965,52.615069999999996,53.813669999999995,54.35997,55.319480000000006,56.103080000000006,57.10909,
240,Trinidad and Tobago,TTO,"Literacy rate, adult female (% of females ages 15 and above)",SE.ADT.LITR.FE.ZS,,,,,,,,,,,,,,,,,,,,,93.46417236,,,,,,,,,,95.66178894,,,,,,,,,,,,,,,,,,,,,,,,,,,
241,Tunisia,TUN,"Literacy rate, adult female (% of females ages 15 and above)",SE.ADT.LITR.FE.ZS,,,,,,,,,,,,,,,,,,,,,,,,,35.767570500000005,,,,,,,,,,,,,,,,,,,,65.34786224,,,68.50937653,70.96417999,,71.08821106,71.729599,72.16065216,,72.22377014,,,
242,Turkey,TUR,"Literacy rate, adult female (% of females ages 15 and above)",SE.ADT.LITR.FE.ZS,,,,,,,,,,,,,,,,45.09891891,,,,,49.80641174,,,,,64.23171997,,,,,68.51966095,,,,,,,,,,,,,,79.58168793,80.5489502,80.38516235,81.26383209,,85.34716034,88.07317352,90.31009674,91.60452271,92.13807678,92.40181732,92.64581299,,
243,Tuvalu,TUV,"Literacy rate, adult female (% of females ages 15 and above)",SE.ADT.LITR.FE.ZS,,,,,,,,,,,,,,,,,,,,,,,,,,,,,,,,,,,,,,,,,,,,,,,,,,,,,,,,,,
244,Tanzania,TZA,"Literacy rate, adult female (% of females ages 15 and above)",SE.ADT.LITR.FE.ZS,,,,,,,,,,,,,,,,,,,,,,,,,,,,,48.08802032,,,,,,,,,,,,,,62.17232132,,,,,,,,60.75262070000001,,73.34718323,,,73.09382629,,
245,Uganda,UGA,"Literacy rate, adult female (% of females ages 15 and above)",SE.ADT.LITR.FE.ZS,,,,,,,,,,,,,,,,,,,,,,,,,,,,,,,,44.82669067,,,,,,,,,,,58.90988159,,,,62.07897186,,,,64.59145355,,61.97042847,,,,,
246,Ukraine,UKR,"Literacy rate, adult female (% of females ages 15 and above)",SE.ADT.LITR.FE.ZS,,,,,,,,,,,,,,,,,,,,,,,,,,,,,,,,,,,,,,,,,,99.17156982,,,,,,,,,,,99.95819855,,,,,
247,Upper middle income,UMC,"Literacy rate, adult female (% of females ages 15 and above)",SE.ADT.LITR.FE.ZS,,,,,,,,,,,,,,,,,59.465180000000004,59.55141,60.54583,61.4914,62.517469999999996,63.47756,64.08253,65.4948,66.67461,67.65395,68.62661,69.51611,74.03171,74.7691,74.99982,76.32553,76.94707,77.56635,78.15472,78.81074,79.42112,85.73303,86.26876999999999,86.70973000000001,87.16734,87.5345,87.81913,88.48376,89.0279,89.45838,89.70285,91.00119000000001,91.3227,91.76984,91.88748000000001,92.31607,92.50704,92.57711,92.84863,93.14721999999999,93.37568,
248,Uruguay,URY,"Literacy rate, adult female (% of females ages 15 and above)",SE.ADT.LITR.FE.ZS,,,,,,,,,,,,,,,,94.30451965,,,,,,,,,,95.88153839,,,,,,,,,,,97.27095795,,,,,,,,,,98.08435822,98.2419281,98.46366119,98.53372192,98.49095154,98.61907959,98.66055298,98.63642883,98.80905151,98.86746216,,
249,United States,USA,"Literacy rate, adult female (% of females ages 15 and above)",SE.ADT.LITR.FE.ZS,,,,,,,,,,,,,,,,,,,,,,,,,,,,,,,,,,,,,,,,,,,,,,,,,,,,,,,,,,
250,Uzbekistan,UZB,"Literacy rate, adult female (% of females ages 15 and above)",SE.ADT.LITR.FE.ZS,,,,,,,,,,,,,,,,,,,,,,,,,,,,,,,,,,,,,,,,,98.13858032,,,,,,,,,,,,,99.9958725,99.97599029999999,99.97576904,,
251,St. Vincent and the Grenadines,VCT,"Literacy rate, adult female (% of females ages 15 and above)",SE.ADT.LITR.FE.ZS,,,,,,,,,,,95.5,,,,,,,,,,,,,,,,,,,,,,,,,,,,,,,,,,,,,,,,,,,,,,,
252,"Venezuela, RB",VEN,"Literacy rate, adult female (% of females ages 15 and above)",SE.ADT.LITR.FE.ZS,,,,,,,,,,,,,,,,,,,,,,83.00466156,,,,,,,,,89.00485229,,,,,,,,,,,92.71598053,,,,,,94.92964172,,95.35040283,,95.02887726,,,,96.56006622,97.21370697,
253,British Virgin Islands,VGB,"Literacy rate, adult female (% of females ages 15 and above)",SE.ADT.LITR.FE.ZS,,,,,,,,,,,,,,,,,,,,,,,,,,,,,,,,,,,,,,,,,,,,,,,,,,,,,,,,,,
254,Virgin Islands (U.S.),VIR,"Literacy rate, adult female (% of females ages 15 and above)",SE.ADT.LITR.FE.ZS,,,,,,,,,,,,,,,,,,,,,,,,,,,,,,,,,,,,,,,,,,,,,,,,,,,,,,,,,,
255,Vietnam,VNM,"Literacy rate, adult female (% of females ages 15 and above)",SE.ADT.LITR.FE.ZS,,,,,,,,,,,,,,,,,,,,78.14038849,,,,,,,,,,82.82939148,,,,,,,,,,86.92008209,86.61010742,,,,,,,,,91.37908936,,,,,,,,
256,Vanuatu,VUT,"Literacy rate, adult female (% of females ages 15 and above)",SE.ADT.LITR.FE.ZS,,,,,,,,,,,,,,,,,,,,47.78258896,,,,,,,,,,,,,,,,,,,,,,,,,,,,,,,,,,,,,,
257,World,WLD,"Literacy rate, adult female (% of females ages 15 and above)",SE.ADT.LITR.FE.ZS,,,,,,,,,,,,,,,,,61.037969999999994,61.149190000000004,61.62464,62.102830000000004,62.36277,62.966,63.39329,64.03504000000001,64.61666,65.12334,65.61397,66.20331999999999,68.04276999999999,68.50861,69.04696,69.73071999999999,70.14154,70.52319,70.96518,71.42038000000001,71.90859,74.62926,75.77946999999999,76.17585,76.39842,76.75211999999999,77.11524,77.65762,78.19473,77.77257,78.36676,78.96324,79.31416,79.74304000000001,80.4911,80.75708,81.45047,81.62854,82.06664,82.32531999999999,82.65819,
258,Samoa,WSM,"Literacy rate, adult female (% of females ages 15 and above)",SE.ADT.LITR.FE.ZS,,,,,,,,,,,,,,,,,,,,,,,,,,,,,,,,97.42173767,,,,,,,,,,,,,,,,,,,,99.06952667,,,,,,
259,Kosovo,XKX,"Literacy rate, adult female (% of females ages 15 and above)",SE.ADT.LITR.FE.ZS,,,,,,,,,,,,,,,,,,,,,,,,,,,,,,,,,,,,,,,,,,,,,,,,,,,,,,,,,,
260,"Yemen, Rep.",YEM,"Literacy rate, adult female (% of females ages 15 and above)",SE.ADT.LITR.FE.ZS,,,,,,,,,,,,,,,,,,,,,,,,,,,,,,,,,,,17.05956078,,,,,,,,,,,,,,,,,,,,,,,
261,South Africa,ZAF,"Literacy rate, adult female (% of females ages 15 and above)",SE.ADT.LITR.FE.ZS,,,,,,,,,,,,,,,,,,,,,74.80718994,,,,,,,,,,,,,,,,80.92862701,,,,,,,,,,,87.04309845,,91.76815796,91.71398926,92.04788971,92.58625031,,93.07305908,93.40802765,,
262,Zambia,ZMB,"Literacy rate, adult female (% of females ages 15 and above)",SE.ADT.LITR.FE.ZS,,,,,,,,,,,,,,,,,,,,,,,,,,,,,,,57.35771942,,,,,,,,,59.80284882,,,61.83927917,,,,,51.78696823,,,77.74664307,,,,,,,
263,Zimbabwe,ZWE,"Literacy rate, adult female (% of females ages 15 and above)",SE.ADT.LITR.FE.ZS,,,,,,,,,,,,,,,,,,,,,,,71.85392761,,,,,,,,,,78.51702118,,,,,,,,,,,,,,,,,,,80.06565857,,,88.28382874,,,
